Country,Elections,Date,"Democracy &#9432; >>EIU Democracy Index, 2024<br><br>The index is based on five categories: electoral process and pluralism, functioning of government, political participation, political culture, and civil liberties. Based on its 0-10 scores on a range of indicators within these categories, each country is classified as one of four types of regime: “full democracy”, “flawed democracy”, “hybrid regime” or “authoritarian regime.""",What's at Stake
Zambia,Presidential & Legislative,13 Aug 2026,Hybrid,President Hakainde Hichilema faces re-election as opposition forces consolidate under a broader coalition framework. The election pivots on whether the administration’s successful debt restructuring can translate into tangible economic relief for voters before poll day. <br><br><a href='https://www.stears.co/elections/zambia'><b>View profile ➜</b></a>
Sao Tome and Principe,Legislative (upper house),27 Sep 2026,Excluded from index,"Heading into parliamentary and presidential elections, the island nation faces ongoing economic pressure and institutional friction. The primary issue is whether voters will opt for government continuity or choose alternative leadership to address public debt and cost-of-living challenges. <br><br><a href='https://www.stears.co/elections/sao-tome-and-principe'><b>View profile ➜</b></a>"
Morocco,Legislative (lower house),Sep 2026*,Hybrid,"Heading into general legislative elections, the governing National Rally of Independents (RNI) coalition defends its parliamentary majority. Key political debates center on the government's liberal economic reforms, job creation, and managing inflation. <br><br><a href='https://www.stears.co/elections/morocco'><b>View profile ➜</b></a>"
Cabo Verde,Presidential,Oct 2026*,Flawed Democracy,"Long regarded as one of Africa's most stable democracies, Cabo Verde approaches its legislative and presidential elections. The focal point is whether the current executive ""cohabitation"" between President José Maria Neves and Prime Minister Ulisses Correia e Silva will persist, or if one party will capture both branches <br><br><a href='https://www.stears.co/elections/cabo-verde'><b>View profile ➜</b></a>"
Gambia,Presidential,05 Dec 2026,Hybrid,"President Adama Barrow approaches the presidential election seeking to consolidate his development agenda. The main challenge comes from Ousainou Darboe’s United Democratic Party (UDP), with voters weighing democratic progress against rising living costs. <br><br><a href='https://www.stears.co/elections/gambia'><b>View profile ➜</b></a>"
South Sudan,Presidential & Legislative,22 Dec 2026,Excluded from index,"After repeated delays in implementing the 2018 peace agreement, the country faces a pivotal test in organizing its first post-independence general election. The crucial question is whether essential security integration and electoral infrastructure can be finalized to prevent a slide back into conflict. <br><br><a href='https://www.stears.co/elections/south-sudan'><b>View profile ➜</b></a>"
Cameroon,Legislative (upper house),Dec 2026*,Authoritarian,"Following the presidential contest, legislative elections take center stage in Cameroon. All eyes are on how the ruling CPDM handles political transition dynamics and whether opposition groups can gain ground in both Anglophone and Francophone regions. <br><br><a href='https://www.stears.co/elections/cameroon'><b>View profile ➜</b></a>"
Somalia,Presidential & Legislative,Dec 2026*,Excluded from index,"Somalia’s efforts to transition from an indirect delegate system to a universal ""one-person, one-vote"" model face technical and political friction. The core issue is whether political consensus among federal member states can be reached alongside persistent security threats from Al-Shabaab. <br><br><a href='https://www.stears.co/elections/somalia'><b>View profile ➜</b></a>"
Libya,Presidential & Legislative,17 Feb 2027,Authoritarian,Libya’s electoral process remains entangled in political rivalries between parallel administrations in the East and West. The central issue is whether the UN-backed diplomatic framework can establish a unified electoral law to allow long-delayed parliamentary and presidential elections to proceed. <br><br><a href='https://www.stears.co/elections/libya'><b>View profile ➜</b></a>
